Antecedents,Consequents,Support,Confidence,Lift
['High CN'],['Moderate PostTest'],0.0049504950495049506,0.33333333333333337,5.17948717948718
['High TN'],['Moderate PostTest'],0.0049504950495049506,0.16666666666666669,2.58974358974359
['High ESF'],['Moderate PostTest'],0.01485148514851485,0.15,2.3307692307692305
['Moderate Depression'],['Moderate PostTest'],0.01485148514851485,0.15,2.3307692307692305
['Mild Stress'],['Moderate PostTest'],0.009900990099009901,0.10526315789473684,1.6356275303643724
['High CRF'],['Moderate PostTest'],0.01485148514851485,0.08108108108108109,1.2598752598752598
['Moderate Anxiety'],['Moderate PostTest'],0.019801980198019802,0.07407407407407407,1.1509971509971508
['Low PreTest'],['High PostTest'],0.0049504950495049506,1.0,1.0687830687830686
['Low TP'],['High PostTest'],0.009900990099009901,1.0,1.0687830687830686
['Moderate Stress'],['High PostTest'],0.01485148514851485,1.0,1.0687830687830686
['Severe Depression'],['High PostTest'],0.0049504950495049506,1.0,1.0687830687830686
"['High CN', 'High TP']",['High PostTest'],0.0049504950495049506,1.0,1.0687830687830686
"['Moderate CRF', 'High CN']",['High PostTest'],0.0049504950495049506,1.0,1.0687830687830686
"['High CN', 'Normal Depression']",['High PostTest'],0.0049504950495049506,1.0,1.0687830687830686
"['High CN', 'Normal Stress']",['High PostTest'],0.0049504950495049506,1.0,1.0687830687830686
"['Positive Delta', 'High CN']",['High PostTest'],0.0049504950495049506,1.0,1.0687830687830686
"['High CP', 'Moderate Stress']",['High PostTest'],0.0049504950495049506,1.0,1.0687830687830686
"['Low ESF', 'High CRF']",['High PostTest'],0.0049504950495049506,1.0,1.0687830687830686
"['Neutral Delta', 'High CRF']",['High PostTest'],0.009900990099009901,1.0,1.0687830687830686
"['High ESF', 'Mild Depression']",['High PostTest'],0.009900990099009901,1.0,1.0687830687830686
"['High ESF', 'Neutral Delta']",['High PostTest'],0.0049504950495049506,1.0,1.0687830687830686
"['High PreTest', 'Moderate Stress']",['High PostTest'],0.009900990099009901,1.0,1.0687830687830686
"['Moderate PreTest', 'High TN']",['High PostTest'],0.0049504950495049506,1.0,1.0687830687830686
"['High TN', 'Normal Depression']",['High PostTest'],0.0049504950495049506,1.0,1.0687830687830686
"['High TN', 'Normal Stress']",['High PostTest'],0.0049504950495049506,1.0,1.0687830687830686
"['Moderate Stress', 'High TP']",['High PostTest'],0.0049504950495049506,1.0,1.0687830687830686
"['Low TP', 'Low CN']",['High PostTest'],0.0049504950495049506,1.0,1.0687830687830686
"['Low CN', 'Mild Stress']",['High PostTest'],0.01485148514851485,1.0,1.0687830687830686
"['Low ESF', 'Mild Depression']",['High PostTest'],0.0049504950495049506,1.0,1.0687830687830686
"['Low ESF', 'Severe Anxiety']",['High PostTest'],0.0049504950495049506,1.0,1.0687830687830686
"['Mild Stress', 'Low TN']",['High PostTest'],0.0049504950495049506,1.0,1.0687830687830686
"['Severe Anxiety', 'Low TN']",['High PostTest'],0.009900990099009901,1.0,1.0687830687830686
"['Low TP', 'Moderate ESF']",['High PostTest'],0.0049504950495049506,1.0,1.0687830687830686
"['Low TP', 'Normal Stress']",['High PostTest'],0.0049504950495049506,1.0,1.0687830687830686
"['Mild Anxiety', 'Mild Stress']",['High PostTest'],0.0049504950495049506,1.0,1.0687830687830686
"['Mild Anxiety', 'Moderate Depression']",['High PostTest'],0.009900990099009901,1.0,1.0687830687830686
"['Neutral Delta', 'Mild Depression']",['High PostTest'],0.009900990099009901,1.0,1.0687830687830686
"['Mild Depression', 'Severe Anxiety']",['High PostTest'],0.009900990099009901,1.0,1.0687830687830686
"['Moderate PreTest', 'Mild Stress']",['High PostTest'],0.009900990099009901,1.0,1.0687830687830686
"['Mild Stress', 'Neutral Delta']",['High PostTest'],0.0049504950495049506,1.0,1.0687830687830686
"['Neutral Delta', 'Moderate Anxiety']",['High PostTest'],0.0049504950495049506,1.0,1.0687830687830686
"['Moderate PreTest', 'Moderate Depression']",['High PostTest'],0.009900990099009901,1.0,1.0687830687830686
"['Moderate Depression', 'Normal Anxiety']",['High PostTest'],0.0049504950495049506,1.0,1.0687830687830686
"['Moderate Stress', 'Moderate ESF']",['High PostTest'],0.009900990099009901,1.0,1.0687830687830686
"['Moderate PreTest', 'Severe Anxiety']",['High PostTest'],0.009900990099009901,1.0,1.0687830687830686
"['Positive Delta', 'Moderate Stress']",['High PostTest'],0.009900990099009901,1.0,1.0687830687830686
"['High CP', 'Neutral Delta', 'High CRF']",['High PostTest'],0.0049504950495049506,1.0,1.0687830687830686
"['High CP', 'High TN', 'Moderate ESF']",['High PostTest'],0.009900990099009901,1.0,1.0687830687830686
"['High CP', 'Low CN', 'Severe Anxiety']",['High PostTest'],0.01485148514851485,1.0,1.0687830687830686
"['High CP', 'Moderate TP', 'Low TN']",['High PostTest'],0.01485148514851485,1.0,1.0687830687830686
"['High CP', 'Mild Anxiety', 'Moderate Depression']",['High PostTest'],0.0049504950495049506,1.0,1.0687830687830686
"['High CP', 'Mild Depression', 'Severe Anxiety']",['High PostTest'],0.0049504950495049506,1.0,1.0687830687830686
"['Moderate PreTest', 'High CP', 'Mild Stress']",['High PostTest'],0.0049504950495049506,1.0,1.0687830687830686
"['High CP', 'Moderate TP', 'Moderate Anxiety']",['High PostTest'],0.01485148514851485,1.0,1.0687830687830686
"['Moderate PreTest', 'High CP', 'Moderate Depression']",['High PostTest'],0.0049504950495049506,1.0,1.0687830687830686
"['Moderate PreTest', 'High CP', 'Severe Anxiety']",['High PostTest'],0.0049504950495049506,1.0,1.0687830687830686
"['Severe Anxiety', 'High CP', 'Normal Depression']",['High PostTest'],0.0049504950495049506,1.0,1.0687830687830686
"['High CP', 'Normal Stress', 'Severe Anxiety']",['High PostTest'],0.009900990099009901,1.0,1.0687830687830686
"['Moderate CP', 'High CRF', 'High TP']",['High PostTest'],0.0049504950495049506,1.0,1.0687830687830686
"['Neutral Delta', 'High CRF', 'High TP']",['High PostTest'],0.0049504950495049506,1.0,1.0687830687830686
"['Low CN', 'High CRF', 'Mild Depression']",['High PostTest'],0.009900990099009901,1.0,1.0687830687830686
"['Moderate CP', 'Low CN', 'High CRF']",['High PostTest'],0.0049504950495049506,1.0,1.0687830687830686
"['Low CN', 'Moderate TN', 'High CRF']",['High PostTest'],0.01485148514851485,1.0,1.0687830687830686
"['Low CN', 'High CRF', 'Moderate TP']",['High PostTest'],0.0049504950495049506,1.0,1.0687830687830686
"['Moderate CP', 'High CRF', 'Low TN']",['High PostTest'],0.0049504950495049506,1.0,1.0687830687830686
"['Moderate TP', 'High CRF', 'Low TN']",['High PostTest'],0.0049504950495049506,1.0,1.0687830687830686
"['Moderate Anxiety', 'High CRF', 'Mild Depression']",['High PostTest'],0.0049504950495049506,1.0,1.0687830687830686
"['Moderate PreTest', 'High CRF', 'Mild Depression']",['High PostTest'],0.0049504950495049506,1.0,1.0687830687830686
"['Positive Delta', 'High CRF', 'Mild Depression']",['High PostTest'],0.01485148514851485,1.0,1.0687830687830686
"['Mild Stress', 'High CRF', 'Moderate ESF']",['High PostTest'],0.009900990099009901,1.0,1.0687830687830686
"['Mild Stress', 'Positive Delta', 'High CRF']",['High PostTest'],0.009900990099009901,1.0,1.0687830687830686
"['Moderate CN', 'Moderate PreTest', 'High CRF']",['High PostTest'],0.0049504950495049506,1.0,1.0687830687830686
"['Moderate CN', 'High CRF', 'Normal Anxiety']",['High PostTest'],0.01485148514851485,1.0,1.0687830687830686
"['Moderate CP', 'High CRF', 'Moderate ESF']",['High PostTest'],0.009900990099009901,1.0,1.0687830687830686
"['Moderate CP', 'High CRF', 'Normal Depression']",['High PostTest'],0.009900990099009901,1.0,1.0687830687830686
"['Moderate CP', 'Normal Stress', 'High CRF']",['High PostTest'],0.009900990099009901,1.0,1.0687830687830686
"['Moderate CP', 'Positive Delta', 'High CRF']",['High PostTest'],0.009900990099009901,1.0,1.0687830687830686
"['Moderate Depression', 'High CRF', 'Moderate ESF']",['High PostTest'],0.009900990099009901,1.0,1.0687830687830686
"['Normal Stress', 'Moderate Depression', 'High CRF']",['High PostTest'],0.0049504950495049506,1.0,1.0687830687830686
"['Moderate TP', 'High CRF', 'Moderate ESF']",['High PostTest'],0.009900990099009901,1.0,1.0687830687830686
"['High CRF', 'Severe Anxiety', 'Moderate ESF']",['High PostTest'],0.0049504950495049506,1.0,1.0687830687830686
"['Moderate PreTest', 'Moderate TN', 'High CRF']",['High PostTest'],0.0049504950495049506,1.0,1.0687830687830686
"['Moderate PreTest', 'High CRF', 'Moderate TP']",['High PostTest'],0.0049504950495049506,1.0,1.0687830687830686
"['Moderate TN', 'High CRF', 'Normal Anxiety']",['High PostTest'],0.009900990099009901,1.0,1.0687830687830686
"['High CRF', 'Normal Anxiety', 'Moderate TP']",['High PostTest'],0.0049504950495049506,1.0,1.0687830687830686
"['High CRF', 'Normal Depression', 'Moderate TP']",['High PostTest'],0.01485148514851485,1.0,1.0687830687830686
"['Normal Stress', 'High CRF', 'Moderate TP']",['High PostTest'],0.01485148514851485,1.0,1.0687830687830686
"['Positive Delta', 'High CRF', 'Moderate TP']",['High PostTest'],0.01485148514851485,1.0,1.0687830687830686
"['High CRF', 'Negative Delta', 'Normal Anxiety']",['High PostTest'],0.009900990099009901,1.0,1.0687830687830686
"['Neutral Delta', 'High CRF', 'Normal Depression']",['High PostTest'],0.0049504950495049506,1.0,1.0687830687830686
"['Normal Stress', 'Neutral Delta', 'High CRF']",['High PostTest'],0.0049504950495049506,1.0,1.0687830687830686
"['Normal Stress', 'High CRF', 'Severe Anxiety']",['High PostTest'],0.0049504950495049506,1.0,1.0687830687830686
"['Mild Anxiety', 'Low CN', 'High ESF']",['High PostTest'],0.0049504950495049506,1.0,1.0687830687830686
"['Moderate CRF', 'Mild Anxiety', 'High ESF']",['High PostTest'],0.0049504950495049506,1.0,1.0687830687830686
"['High ESF', 'Normal Depression', 'Moderate Anxiety']",['High PostTest'],0.009900990099009901,1.0,1.0687830687830686
"['Moderate CN', 'High ESF', 'Normal Anxiety']",['High PostTest'],0.0049504950495049506,1.0,1.0687830687830686
"['Moderate PreTest', 'Moderate CP', 'High ESF']",['High PostTest'],0.0049504950495049506,1.0,1.0687830687830686
"['Moderate CP', 'High ESF', 'Normal Anxiety']",['High PostTest'],0.0049504950495049506,1.0,1.0687830687830686
"['Moderate CP', 'High ESF', 'Normal Depression']",['High PostTest'],0.009900990099009901,1.0,1.0687830687830686
"['Moderate CRF', 'High ESF', 'Moderate PreTest']",['High PostTest'],0.0049504950495049506,1.0,1.0687830687830686
"['Moderate CRF', 'High ESF', 'Normal Anxiety']",['High PostTest'],0.009900990099009901,1.0,1.0687830687830686
"['Moderate PreTest', 'High ESF', 'Moderate TP']",['High PostTest'],0.0049504950495049506,1.0,1.0687830687830686
"['Moderate PreTest', 'High ESF', 'Normal Anxiety']",['High PostTest'],0.0049504950495049506,1.0,1.0687830687830686
"['High ESF', 'Moderate TN', 'Normal Anxiety']",['High PostTest'],0.0049504950495049506,1.0,1.0687830687830686
"['High ESF', 'Moderate TN', 'Normal Depression']",['High PostTest'],0.009900990099009901,1.0,1.0687830687830686
"['High ESF', 'Normal Anxiety', 'Moderate TP']",['High PostTest'],0.0049504950495049506,1.0,1.0687830687830686
"['High ESF', 'Normal Depression', 'Moderate TP']",['High PostTest'],0.009900990099009901,1.0,1.0687830687830686
"['Positive Delta', 'High ESF', 'Normal Anxiety']",['High PostTest'],0.01485148514851485,1.0,1.0687830687830686
"['High PreTest', 'Low CN', 'Mild Stress']",['High PostTest'],0.009900990099009901,1.0,1.0687830687830686
"['High PreTest', 'Low CN', 'Severe Anxiety']",['High PostTest'],0.009900990099009901,1.0,1.0687830687830686
"['Low ESF', 'High PreTest', 'Normal Anxiety']",['High PostTest'],0.01485148514851485,1.0,1.0687830687830686
"['High PreTest', 'Mild Depression', 'Severe Anxiety']",['High PostTest'],0.0049504950495049506,1.0,1.0687830687830686
"['High PreTest', 'Moderate Stress', 'Moderate ESF']",['High PostTest'],0.0049504950495049506,1.0,1.0687830687830686
"['High PreTest', 'Positive Delta', 'Moderate Stress']",['High PostTest'],0.0049504950495049506,1.0,1.0687830687830686
"['Severe Anxiety', 'High PreTest', 'Normal Depression']",['High PostTest'],0.01485148514851485,1.0,1.0687830687830686
"['High PreTest', 'Normal Stress', 'Severe Anxiety']",['High PostTest'],0.01485148514851485,1.0,1.0687830687830686
"['Moderate CRF', 'Moderate CP', 'High TN']",['High PostTest'],0.0049504950495049506,1.0,1.0687830687830686
"['Moderate CP', 'High TN', 'Positive Delta']",['High PostTest'],0.0049504950495049506,1.0,1.0687830687830686
"['Moderate CRF', 'High TN', 'Moderate ESF']",['High PostTest'],0.01485148514851485,1.0,1.0687830687830686
"['Low ESF', 'Mild Stress', 'High TP']",['High PostTest'],0.0049504950495049506,1.0,1.0687830687830686
"['Low ESF', 'Moderate TN', 'High TP']",['High PostTest'],0.01485148514851485,1.0,1.0687830687830686
"['Low TN', 'Severe Anxiety', 'High TP']",['High PostTest'],0.0049504950495049506,1.0,1.0687830687830686
"['Mild Anxiety', 'Moderate CP', 'High TP']",['High PostTest'],0.009900990099009901,1.0,1.0687830687830686
"['Mild Anxiety', 'Moderate Depression', 'High TP']",['High PostTest'],0.0049504950495049506,1.0,1.0687830687830686
"['Mild Depression', 'Severe Anxiety', 'High TP']",['High PostTest'],0.0049504950495049506,1.0,1.0687830687830686
"['Moderate PreTest', 'Moderate Depression', 'High TP']",['High PostTest'],0.0049504950495049506,1.0,1.0687830687830686
"['Severe Anxiety', 'Normal Depression', 'High TP']",['High PostTest'],0.01485148514851485,1.0,1.0687830687830686
"['Low ESF', 'Low CN', 'Moderate Anxiety']",['High PostTest'],0.009900990099009901,1.0,1.0687830687830686
"['Low ESF', 'Moderate CP', 'Low CN']",['High PostTest'],0.0049504950495049506,1.0,1.0687830687830686
"['Mild Anxiety', 'Low CN', 'Negative Delta']",['High PostTest'],0.01485148514851485,1.0,1.0687830687830686
"['Moderate CRF', 'Low CN', 'Mild Stress']",['High PostTest'],0.009900990099009901,1.0,1.0687830687830686
"['Low CN', 'Mild Stress', 'Moderate ESF']",['High PostTest'],0.009900990099009901,1.0,1.0687830687830686
"['Low CN', 'Mild Stress', 'Normal Depression']",['High PostTest'],0.0049504950495049506,1.0,1.0687830687830686
"['Low CN', 'Positive Delta', 'Mild Stress']",['High PostTest'],0.009900990099009901,1.0,1.0687830687830686
"['Moderate CRF', 'Low CN', 'Severe Anxiety']",['High PostTest'],0.01485148514851485,1.0,1.0687830687830686
"['Low CN', 'Moderate Depression', 'Moderate ESF']",['High PostTest'],0.0049504950495049506,1.0,1.0687830687830686
"['Low CN', 'Severe Anxiety', 'Moderate ESF']",['High PostTest'],0.01485148514851485,1.0,1.0687830687830686
"['Low CN', 'Neutral Delta', 'Moderate TN']",['High PostTest'],0.0049504950495049506,1.0,1.0687830687830686
"['Low CN', 'Neutral Delta', 'Moderate TP']",['High PostTest'],0.0049504950495049506,1.0,1.0687830687830686
"['Low CN', 'Severe Anxiety', 'Moderate TP']",['High PostTest'],0.0049504950495049506,1.0,1.0687830687830686
"['Severe Anxiety', 'Low CN', 'Normal Depression']",['High PostTest'],0.01485148514851485,1.0,1.0687830687830686
"['Low ESF', 'Moderate CP', 'Low TN']",['High PostTest'],0.0049504950495049506,1.0,1.0687830687830686
"['Low ESF', 'Moderate TP', 'Low TN']",['High PostTest'],0.0049504950495049506,1.0,1.0687830687830686
"['Low ESF', 'Mild Anxiety', 'Moderate CN']",['High PostTest'],0.0049504950495049506,1.0,1.0687830687830686
"['Low ESF', 'Mild Anxiety', 'Moderate TN']",['High PostTest'],0.0049504950495049506,1.0,1.0687830687830686
"['Low ESF', 'Moderate PreTest', 'Moderate Anxiety']",['High PostTest'],0.0049504950495049506,1.0,1.0687830687830686
"['Low ESF', 'Moderate CN', 'Moderate PreTest']",['High PostTest'],0.0049504950495049506,1.0,1.0687830687830686
"['Low ESF', 'Moderate CN', 'Normal Anxiety']",['High PostTest'],0.0049504950495049506,1.0,1.0687830687830686
"['Low ESF', 'Moderate TN', 'Moderate PreTest']",['High PostTest'],0.0049504950495049506,1.0,1.0687830687830686
"['Low ESF', 'Moderate TN', 'Normal Anxiety']",['High PostTest'],0.0049504950495049506,1.0,1.0687830687830686
"['Moderate CP', 'Mild Depression', 'Low TN']",['High PostTest'],0.01485148514851485,1.0,1.0687830687830686
"['Moderate PreTest', 'Mild Depression', 'Low TN']",['High PostTest'],0.009900990099009901,1.0,1.0687830687830686
"['Moderate TP', 'Mild Depression', 'Low TN']",['High PostTest'],0.009900990099009901,1.0,1.0687830687830686
"['Neutral Delta', 'Mild Depression', 'Low TN']",['High PostTest'],0.0049504950495049506,1.0,1.0687830687830686
"['Moderate CP', 'Moderate Anxiety', 'Low TN']",['High PostTest'],0.009900990099009901,1.0,1.0687830687830686
"['Moderate TP', 'Moderate Anxiety', 'Low TN']",['High PostTest'],0.009900990099009901,1.0,1.0687830687830686
"['Moderate CN', 'Moderate PreTest', 'Low TN']",['High PostTest'],0.0049504950495049506,1.0,1.0687830687830686
"['Moderate CRF', 'Severe Anxiety', 'Low TN']",['High PostTest'],0.0049504950495049506,1.0,1.0687830687830686
"['Moderate ESF', 'Severe Anxiety', 'Low TN']",['High PostTest'],0.0049504950495049506,1.0,1.0687830687830686
"['Neutral Delta', 'Moderate TP', 'Low TN']",['High PostTest'],0.0049504950495049506,1.0,1.0687830687830686
"['Moderate CN', 'Mild Anxiety', 'Mild Depression']",['High PostTest'],0.0049504950495049506,1.0,1.0687830687830686
"['Mild Anxiety', 'Moderate CP', 'Mild Depression']",['High PostTest'],0.0049504950495049506,1.0,1.0687830687830686
"['Moderate CRF', 'Mild Anxiety', 'Mild Depression']",['High PostTest'],0.01485148514851485,1.0,1.0687830687830686
"['Mild Anxiety', 'Mild Depression', 'Moderate TP']",['High PostTest'],0.0049504950495049506,1.0,1.0687830687830686
"['Mild Anxiety', 'Positive Delta', 'Mild Depression']",['High PostTest'],0.009900990099009901,1.0,1.0687830687830686
"['Moderate CN', 'Mild Anxiety', 'Moderate PreTest']",['High PostTest'],0.0049504950495049506,1.0,1.0687830687830686
"['Mild Anxiety', 'Moderate CP', 'Negative Delta']",['High PostTest'],0.0049504950495049506,1.0,1.0687830687830686
"['Moderate CRF', 'Mild Anxiety', 'Negative Delta']",['High PostTest'],0.01485148514851485,1.0,1.0687830687830686
"['Mild Anxiety', 'Moderate Depression', 'Normal Stress']",['High PostTest'],0.0049504950495049506,1.0,1.0687830687830686
"['Mild Anxiety', 'Positive Delta', 'Moderate Depression']",['High PostTest'],0.0049504950495049506,1.0,1.0687830687830686
"['Moderate PreTest', 'Mild Anxiety', 'Moderate TN']",['High PostTest'],0.01485148514851485,1.0,1.0687830687830686
"['Moderate CN', 'Mild Depression', 'Negative Delta']",['High PostTest'],0.0049504950495049506,1.0,1.0687830687830686
"['Moderate CP', 'Mild Depression', 'Negative Delta']",['High PostTest'],0.0049504950495049506,1.0,1.0687830687830686
"['Moderate CP', 'Mild Depression', 'Normal Anxiety']",['High PostTest'],0.009900990099009901,1.0,1.0687830687830686
"['Moderate CRF', 'Mild Depression', 'Negative Delta']",['High PostTest'],0.01485148514851485,1.0,1.0687830687830686
"['Moderate TN', 'Mild Depression', 'Negative Delta']",['High PostTest'],0.0049504950495049506,1.0,1.0687830687830686
"['Mild Stress', 'Moderate TP', 'Moderate ESF']",['High PostTest'],0.0049504950495049506,1.0,1.0687830687830686
"['Moderate CN', 'Negative Delta', 'Normal Anxiety']",['High PostTest'],0.0049504950495049506,1.0,1.0687830687830686
"['Moderate CN', 'Neutral Delta', 'Normal Anxiety']",['High PostTest'],0.009900990099009901,1.0,1.0687830687830686
"['Moderate CP', 'Neutral Delta', 'Moderate TN']",['High PostTest'],0.009900990099009901,1.0,1.0687830687830686
"['Moderate CRF', 'Moderate Depression', 'Moderate PreTest']",['High PostTest'],0.0049504950495049506,1.0,1.0687830687830686
"['Moderate CRF', 'Moderate Depression', 'Neutral Delta']",['High PostTest'],0.0049504950495049506,1.0,1.0687830687830686
"['Moderate CRF', 'Moderate PreTest', 'Severe Anxiety']",['High PostTest'],0.0049504950495049506,1.0,1.0687830687830686
"['Moderate CRF', 'Neutral Delta', 'Moderate TP']",['High PostTest'],0.01485148514851485,1.0,1.0687830687830686
"['Moderate CRF', 'Neutral Delta', 'Severe Anxiety']",['High PostTest'],0.0049504950495049506,1.0,1.0687830687830686
"['Moderate PreTest', 'Moderate Depression', 'Normal Stress']",['High PostTest'],0.0049504950495049506,1.0,1.0687830687830686
"['Moderate PreTest', 'Severe Anxiety', 'Moderate ESF']",['High PostTest'],0.0049504950495049506,1.0,1.0687830687830686
"['Positive Delta', 'Moderate Stress', 'Moderate ESF']",['High PostTest'],0.0049504950495049506,1.0,1.0687830687830686
"['Moderate PreTest', 'Severe Anxiety', 'Normal Depression']",['High PostTest'],0.0049504950495049506,1.0,1.0687830687830686
"['Neutral Delta', 'Normal Stress', 'Moderate TP']",['High PostTest'],0.01485148514851485,1.0,1.0687830687830686
"['Moderate CRF', 'High CP', 'High ESF', 'Normal Anxiety']",['High PostTest'],0.0049504950495049506,1.0,1.0687830687830686
"['Moderate CRF', 'High CP', 'Positive Delta', 'High ESF']",['High PostTest'],0.009900990099009901,1.0,1.0687830687830686
"['High CP', 'High TN', 'High PreTest', 'Moderate ESF']",['High PostTest'],0.0049504950495049506,1.0,1.0687830687830686
"['High CP', 'Low CN', 'Mild Stress', 'High PreTest']",['High PostTest'],0.0049504950495049506,1.0,1.0687830687830686
"['High CP', 'Moderate TP', 'High PreTest', 'Low TN']",['High PostTest'],0.009900990099009901,1.0,1.0687830687830686
"['Normal Depression', 'High CP', 'Mild Stress', 'High PreTest']",['High PostTest'],0.0049504950495049506,1.0,1.0687830687830686
"['High CP', 'Moderate TP', 'High PreTest', 'Moderate Anxiety']",['High PostTest'],0.009900990099009901,1.0,1.0687830687830686
"['High CP', 'Normal Anxiety', 'High PreTest', 'Moderate TP']",['High PostTest'],0.009900990099009901,1.0,1.0687830687830686
"['Severe Anxiety', 'High CP', 'Normal Stress', 'High PreTest']",['High PostTest'],0.0049504950495049506,1.0,1.0687830687830686
"['High CP', 'Low CN', 'Moderate TP', 'Mild Anxiety']",['High PostTest'],0.0049504950495049506,1.0,1.0687830687830686
"['Moderate CRF', 'High CP', 'Low CN', 'Mild Stress']",['High PostTest'],0.0049504950495049506,1.0,1.0687830687830686
"['High CP', 'Low CN', 'Mild Stress', 'Moderate ESF']",['High PostTest'],0.0049504950495049506,1.0,1.0687830687830686
"['High CP', 'Low CN', 'Positive Delta', 'Mild Stress']",['High PostTest'],0.0049504950495049506,1.0,1.0687830687830686
"['High CP', 'Low CN', 'Positive Delta', 'Moderate Depression']",['High PostTest'],0.0049504950495049506,1.0,1.0687830687830686
"['High CP', 'Low CN', 'Moderate TP', 'Moderate ESF']",['High PostTest'],0.01485148514851485,1.0,1.0687830687830686
"['High CP', 'Low CN', 'Normal Anxiety', 'Moderate TP']",['High PostTest'],0.009900990099009901,1.0,1.0687830687830686
"['High CP', 'Low CN', 'Positive Delta', 'Severe Anxiety']",['High PostTest'],0.009900990099009901,1.0,1.0687830687830686
"['Low ESF', 'High CP', 'Moderate CN', 'Normal Stress']",['High PostTest'],0.0049504950495049506,1.0,1.0687830687830686
"['Low ESF', 'High CP', 'Moderate TN', 'Normal Depression']",['High PostTest'],0.009900990099009901,1.0,1.0687830687830686
"['High CP', 'Mild Anxiety', 'Mild Depression', 'Low TN']",['High PostTest'],0.0049504950495049506,1.0,1.0687830687830686
"['High CP', 'Mild Anxiety', 'Neutral Delta', 'Low TN']",['High PostTest'],0.0049504950495049506,1.0,1.0687830687830686
"['High CP', 'Positive Delta', 'Mild Depression', 'Low TN']",['High PostTest'],0.01485148514851485,1.0,1.0687830687830686
"['Moderate CRF', 'High CP', 'Moderate TP', 'Low TN']",['High PostTest'],0.009900990099009901,1.0,1.0687830687830686
"['High CP', 'Moderate TP', 'Moderate ESF', 'Low TN']",['High PostTest'],0.0049504950495049506,1.0,1.0687830687830686
"['High CP', 'Positive Delta', 'Moderate TP', 'Low TN']",['High PostTest'],0.009900990099009901,1.0,1.0687830687830686
"['High CP', 'Mild Anxiety', 'Positive Delta', 'Mild Depression']",['High PostTest'],0.0049504950495049506,1.0,1.0687830687830686
"['Moderate CN', 'High CP', 'Mild Anxiety', 'Positive Delta']",['High PostTest'],0.01485148514851485,1.0,1.0687830687830686
"['Moderate CRF', 'High CP', 'Mild Depression', 'Normal Anxiety']",['High PostTest'],0.009900990099009901,1.0,1.0687830687830686
"['Moderate PreTest', 'High CP', 'Mild Depression', 'Normal Anxiety']",['High PostTest'],0.0049504950495049506,1.0,1.0687830687830686
"['High CP', 'Moderate TN', 'Mild Depression', 'Normal Anxiety']",['High PostTest'],0.0049504950495049506,1.0,1.0687830687830686
"['High CP', 'Positive Delta', 'Mild Depression', 'Normal Anxiety']",['High PostTest'],0.01485148514851485,1.0,1.0687830687830686
"['Moderate CRF', 'High CP', 'Mild Stress', 'Normal Depression']",['High PostTest'],0.0049504950495049506,1.0,1.0687830687830686
"['Moderate CN', 'High CP', 'Moderate PreTest', 'Normal Depression']",['High PostTest'],0.01485148514851485,1.0,1.0687830687830686
"['Moderate CN', 'High CP', 'Neutral Delta', 'Normal Anxiety']",['High PostTest'],0.0049504950495049506,1.0,1.0687830687830686
"['Moderate CRF', 'High CP', 'Moderate Depression', 'Moderate ESF']",['High PostTest'],0.01485148514851485,1.0,1.0687830687830686
"['Moderate CRF', 'High CP', 'Positive Delta', 'Moderate Depression']",['High PostTest'],0.01485148514851485,1.0,1.0687830687830686
"['Moderate CRF', 'High CP', 'Normal Anxiety', 'Moderate TP']",['High PostTest'],0.01485148514851485,1.0,1.0687830687830686
"['High CP', 'Positive Delta', 'Moderate Depression', 'Moderate ESF']",['High PostTest'],0.009900990099009901,1.0,1.0687830687830686
"['High CP', 'Moderate TP', 'Normal Anxiety', 'Moderate ESF']",['High PostTest'],0.01485148514851485,1.0,1.0687830687830686
"['High CP', 'Positive Delta', 'Severe Anxiety', 'Moderate ESF']",['High PostTest'],0.01485148514851485,1.0,1.0687830687830686
"['Moderate PreTest', 'High CP', 'Moderate TN', 'Normal Anxiety']",['High PostTest'],0.009900990099009901,1.0,1.0687830687830686
"['Moderate PreTest', 'High CP', 'Normal Depression', 'Moderate TP']",['High PostTest'],0.009900990099009901,1.0,1.0687830687830686
"['High PreTest', 'High CRF', 'Severe Anxiety', 'High TP']",['High PostTest'],0.0049504950495049506,1.0,1.0687830687830686
"['High PreTest', 'Low CN', 'High CRF', 'Mild Depression']",['High PostTest'],0.0049504950495049506,1.0,1.0687830687830686
"['High PreTest', 'Positive Delta', 'High CRF', 'Mild Depression']",['High PostTest'],0.009900990099009901,1.0,1.0687830687830686
"['High PreTest', 'Moderate CP', 'High CRF', 'Normal Depression']",['High PostTest'],0.0049504950495049506,1.0,1.0687830687830686
"['High PreTest', 'Normal Stress', 'Moderate CP', 'High CRF']",['High PostTest'],0.0049504950495049506,1.0,1.0687830687830686
"['High PreTest', 'Positive Delta', 'Moderate CP', 'High CRF']",['High PostTest'],0.0049504950495049506,1.0,1.0687830687830686
"['High PreTest', 'Moderate Depression', 'High CRF', 'Moderate ESF']",['High PostTest'],0.0049504950495049506,1.0,1.0687830687830686
"['High PreTest', 'High CRF', 'Normal Depression', 'Moderate TP']",['High PostTest'],0.009900990099009901,1.0,1.0687830687830686
"['High PreTest', 'Normal Stress', 'High CRF', 'Moderate TP']",['High PostTest'],0.009900990099009901,1.0,1.0687830687830686
"['High PreTest', 'Positive Delta', 'High CRF', 'Moderate TP']",['High PostTest'],0.009900990099009901,1.0,1.0687830687830686
"['High PreTest', 'Positive Delta', 'High CRF', 'Severe Anxiety']",['High PostTest'],0.0049504950495049506,1.0,1.0687830687830686
"['Moderate ESF', 'Moderate Depression', 'High CRF', 'High TP']",['High PostTest'],0.0049504950495049506,1.0,1.0687830687830686
"['Positive Delta', 'High CRF', 'Severe Anxiety', 'High TP']",['High PostTest'],0.0049504950495049506,1.0,1.0687830687830686
"['Low CN', 'Positive Delta', 'High CRF', 'Mild Depression']",['High PostTest'],0.0049504950495049506,1.0,1.0687830687830686
"['Low CN', 'Moderate ESF', 'High CRF', 'Moderate Anxiety']",['High PostTest'],0.01485148514851485,1.0,1.0687830687830686
"['Moderate PreTest', 'Low CN', 'High CRF', 'Moderate Anxiety']",['High PostTest'],0.0049504950495049506,1.0,1.0687830687830686
"['Low CN', 'Moderate TN', 'High CRF', 'Moderate ESF']",['High PostTest'],0.0049504950495049506,1.0,1.0687830687830686
"['Low CN', 'High CRF', 'Negative Delta', 'Moderate ESF']",['High PostTest'],0.009900990099009901,1.0,1.0687830687830686
"['Low CN', 'Moderate TN', 'High CRF', 'Normal Depression']",['High PostTest'],0.0049504950495049506,1.0,1.0687830687830686
"['Low CN', 'Moderate TN', 'Normal Stress', 'High CRF']",['High PostTest'],0.009900990099009901,1.0,1.0687830687830686
"['Low CN', 'Moderate TN', 'High CRF', 'Positive Delta']",['High PostTest'],0.0049504950495049506,1.0,1.0687830687830686
"['Low CN', 'High CRF', 'Negative Delta', 'Normal Anxiety']",['High PostTest'],0.0049504950495049506,1.0,1.0687830687830686
"['Low CN', 'Normal Stress', 'High CRF', 'Negative Delta']",['High PostTest'],0.01485148514851485,1.0,1.0687830687830686
"['Mild Depression', 'Positive Delta', 'High CRF', 'Low TN']",['High PostTest'],0.0049504950495049506,1.0,1.0687830687830686
"['Moderate ESF', 'High CRF', 'Negative Delta', 'Low TN']",['High PostTest'],0.009900990099009901,1.0,1.0687830687830686
"['Moderate CN', 'Mild Anxiety', 'Positive Delta', 'High CRF']",['High PostTest'],0.0049504950495049506,1.0,1.0687830687830686
"['Mild Anxiety', 'Moderate TN', 'High CRF', 'Positive Delta']",['High PostTest'],0.0049504950495049506,1.0,1.0687830687830686
"['Moderate TN', 'Normal Stress', 'High CRF', 'Mild Depression']",['High PostTest'],0.0049504950495049506,1.0,1.0687830687830686
"['Normal Stress', 'Positive Delta', 'High CRF', 'Mild Depression']",['High PostTest'],0.009900990099009901,1.0,1.0687830687830686
"['Moderate CN', 'High CRF', 'Normal Depression', 'Moderate Anxiety']",['High PostTest'],0.0049504950495049506,1.0,1.0687830687830686
"['Moderate PreTest', 'Moderate ESF', 'High CRF', 'Moderate Anxiety']",['High PostTest'],0.0049504950495049506,1.0,1.0687830687830686
"['Normal Stress', 'Moderate ESF', 'High CRF', 'Moderate Anxiety']",['High PostTest'],0.01485148514851485,1.0,1.0687830687830686
"['Moderate PreTest', 'Normal Stress', 'High CRF', 'Moderate Anxiety']",['High PostTest'],0.0049504950495049506,1.0,1.0687830687830686
"['Moderate TN', 'High CRF', 'Normal Depression', 'Moderate Anxiety']",['High PostTest'],0.0049504950495049506,1.0,1.0687830687830686
"['Moderate TN', 'Normal Stress', 'High CRF', 'Moderate Anxiety']",['High PostTest'],0.0049504950495049506,1.0,1.0687830687830686
"['Moderate CN', 'High CRF', 'Normal Anxiety', 'Moderate ESF']",['High PostTest'],0.009900990099009901,1.0,1.0687830687830686
"['Moderate CN', 'High CRF', 'Normal Depression', 'Moderate ESF']",['High PostTest'],0.01485148514851485,1.0,1.0687830687830686
"['Moderate CN', 'Normal Depression', 'High CRF', 'Normal Anxiety']",['High PostTest'],0.0049504950495049506,1.0,1.0687830687830686
"['Moderate CN', 'Positive Delta', 'High CRF', 'Normal Anxiety']",['High PostTest'],0.009900990099009901,1.0,1.0687830687830686
"['Moderate CN', 'Positive Delta', 'High CRF', 'Normal Depression']",['High PostTest'],0.01485148514851485,1.0,1.0687830687830686
"['Moderate CN', 'Normal Stress', 'High CRF', 'Positive Delta']",['High PostTest'],0.01485148514851485,1.0,1.0687830687830686
"['Moderate CP', 'High CRF', 'Normal Depression', 'Moderate ESF']",['High PostTest'],0.0049504950495049506,1.0,1.0687830687830686
"['Moderate CP', 'Normal Stress', 'High CRF', 'Moderate ESF']",['High PostTest'],0.0049504950495049506,1.0,1.0687830687830686
"['Moderate CP', 'Positive Delta', 'High CRF', 'Normal Depression']",['High PostTest'],0.0049504950495049506,1.0,1.0687830687830686
"['Moderate CP', 'Normal Stress', 'High CRF', 'Positive Delta']",['High PostTest'],0.0049504950495049506,1.0,1.0687830687830686
"['Positive Delta', 'Moderate Depression', 'High CRF', 'Moderate ESF']",['High PostTest'],0.0049504950495049506,1.0,1.0687830687830686
"['Moderate TN', 'High CRF', 'Normal Anxiety', 'Moderate ESF']",['High PostTest'],0.0049504950495049506,1.0,1.0687830687830686
"['Moderate TP', 'High CRF', 'Normal Depression', 'Moderate ESF']",['High PostTest'],0.0049504950495049506,1.0,1.0687830687830686
"['Moderate TP', 'Normal Stress', 'High CRF', 'Moderate ESF']",['High PostTest'],0.0049504950495049506,1.0,1.0687830687830686
"['Normal Anxiety', 'High CRF', 'Negative Delta', 'Moderate ESF']",['High PostTest'],0.0049504950495049506,1.0,1.0687830687830686
"['Normal Depression', 'High CRF', 'Negative Delta', 'Moderate ESF']",['High PostTest'],0.009900990099009901,1.0,1.0687830687830686
"['Normal Depression', 'Moderate TN', 'High CRF', 'Normal Anxiety']",['High PostTest'],0.0049504950495049506,1.0,1.0687830687830686
"['Moderate TN', 'High CRF', 'Normal Depression', 'Positive Delta']",['High PostTest'],0.01485148514851485,1.0,1.0687830687830686
"['Positive Delta', 'High CRF', 'Normal Depression', 'Moderate TP']",['High PostTest'],0.009900990099009901,1.0,1.0687830687830686
"['Normal Stress', 'Positive Delta', 'High CRF', 'Moderate TP']",['High PostTest'],0.009900990099009901,1.0,1.0687830687830686
"['Normal Depression', 'High CRF', 'Negative Delta', 'Normal Anxiety']",['High PostTest'],0.0049504950495049506,1.0,1.0687830687830686
"['Moderate CP', 'High PreTest', 'High ESF', 'High TP']",['High PostTest'],0.0049504950495049506,1.0,1.0687830687830686
"['High PreTest', 'Positive Delta', 'High ESF', 'Low TN']",['High PostTest'],0.01485148514851485,1.0,1.0687830687830686
"['High PreTest', 'High ESF', 'Normal Depression', 'Moderate Anxiety']",['High PostTest'],0.0049504950495049506,1.0,1.0687830687830686
"['Moderate CP', 'High PreTest', 'High ESF', 'Normal Depression']",['High PostTest'],0.0049504950495049506,1.0,1.0687830687830686
"['High PreTest', 'High ESF', 'Normal Depression', 'Moderate TP']",['High PostTest'],0.0049504950495049506,1.0,1.0687830687830686
"['High PreTest', 'Positive Delta', 'High ESF', 'Normal Anxiety']",['High PostTest'],0.009900990099009901,1.0,1.0687830687830686
"['Moderate CP', 'Positive Delta', 'High ESF', 'High TP']",['High PostTest'],0.0049504950495049506,1.0,1.0687830687830686
"['Moderate CRF', 'Positive Delta', 'High ESF', 'High TP']",['High PostTest'],0.009900990099009901,1.0,1.0687830687830686
"['High ESF', 'Moderate TN', 'Normal Depression', 'High TP']",['High PostTest'],0.0049504950495049506,1.0,1.0687830687830686
"['Positive Delta', 'High ESF', 'Moderate TN', 'High TP']",['High PostTest'],0.009900990099009901,1.0,1.0687830687830686
"['Positive Delta', 'High ESF', 'Normal Anxiety', 'High TP']",['High PostTest'],0.009900990099009901,1.0,1.0687830687830686
"['Low CN', 'High ESF', 'Normal Depression', 'Moderate TP']",['High PostTest'],0.0049504950495049506,1.0,1.0687830687830686
"['Moderate CRF', 'Moderate CP', 'High ESF', 'Normal Depression']",['High PostTest'],0.0049504950495049506,1.0,1.0687830687830686
"['Moderate CP', 'Positive Delta', 'High ESF', 'Normal Depression']",['High PostTest'],0.0049504950495049506,1.0,1.0687830687830686
"['Moderate CRF', 'Positive Delta', 'High ESF', 'Normal Depression']",['High PostTest'],0.009900990099009901,1.0,1.0687830687830686
"['High PreTest', 'High TN', 'Moderate ESF', 'High TP']",['High PostTest'],0.009900990099009901,1.0,1.0687830687830686
"['Moderate CRF', 'High PreTest', 'High TN', 'Moderate ESF']",['High PostTest'],0.009900990099009901,1.0,1.0687830687830686
"['Low ESF', 'High PreTest', 'Mild Anxiety', 'High TP']",['High PostTest'],0.0049504950495049506,1.0,1.0687830687830686
"['Low ESF', 'High PreTest', 'Moderate CP', 'High TP']",['High PostTest'],0.0049504950495049506,1.0,1.0687830687830686
"['Low ESF', 'High PreTest', 'Moderate TN', 'High TP']",['High PostTest'],0.009900990099009901,1.0,1.0687830687830686
"['Severe Anxiety', 'High PreTest', 'Normal Depression', 'High TP']",['High PostTest'],0.009900990099009901,1.0,1.0687830687830686
"['High PreTest', 'Normal Stress', 'Severe Anxiety', 'High TP']",['High PostTest'],0.009900990099009901,1.0,1.0687830687830686
"['High PreTest', 'Low CN', 'Moderate CP', 'Mild Anxiety']",['High PostTest'],0.009900990099009901,1.0,1.0687830687830686
"['High PreTest', 'Low CN', 'Moderate TN', 'Mild Anxiety']",['High PostTest'],0.009900990099009901,1.0,1.0687830687830686
"['High PreTest', 'Low CN', 'Moderate TP', 'Mild Anxiety']",['High PostTest'],0.0049504950495049506,1.0,1.0687830687830686
"['High PreTest', 'Low CN', 'Mild Depression', 'Normal Anxiety']",['High PostTest'],0.009900990099009901,1.0,1.0687830687830686
"['Moderate CRF', 'High PreTest', 'Low CN', 'Mild Stress']",['High PostTest'],0.0049504950495049506,1.0,1.0687830687830686
"['High PreTest', 'Low CN', 'Mild Stress', 'Moderate ESF']",['High PostTest'],0.0049504950495049506,1.0,1.0687830687830686
"['High PreTest', 'Low CN', 'Positive Delta', 'Mild Stress']",['High PostTest'],0.0049504950495049506,1.0,1.0687830687830686
"['Moderate CRF', 'High PreTest', 'Low CN', 'Severe Anxiety']",['High PostTest'],0.0049504950495049506,1.0,1.0687830687830686
"['High PreTest', 'Low CN', 'Severe Anxiety', 'Moderate ESF']",['High PostTest'],0.0049504950495049506,1.0,1.0687830687830686
"['Severe Anxiety', 'High PreTest', 'Low CN', 'Normal Depression']",['High PostTest'],0.0049504950495049506,1.0,1.0687830687830686
"['High PreTest', 'Low CN', 'Normal Stress', 'Severe Anxiety']",['High PostTest'],0.0049504950495049506,1.0,1.0687830687830686
"['High PreTest', 'Low CN', 'Positive Delta', 'Severe Anxiety']",['High PostTest'],0.0049504950495049506,1.0,1.0687830687830686
"['High PreTest', 'Mild Anxiety', 'Moderate CP', 'Low TN']",['High PostTest'],0.009900990099009901,1.0,1.0687830687830686
"['High PreTest', 'Mild Anxiety', 'Moderate TP', 'Low TN']",['High PostTest'],0.0049504950495049506,1.0,1.0687830687830686
"['Moderate CRF', 'High PreTest', 'Mild Anxiety', 'Mild Depression']",['High PostTest'],0.009900990099009901,1.0,1.0687830687830686
"['High PreTest', 'Mild Anxiety', 'Moderate TN', 'Mild Depression']",['High PostTest'],0.0049504950495049506,1.0,1.0687830687830686
"['High PreTest', 'Mild Anxiety', 'Positive Delta', 'Mild Depression']",['High PostTest'],0.0049504950495049506,1.0,1.0687830687830686
"['Moderate CRF', 'High PreTest', 'Mild Depression', 'Normal Anxiety']",['High PostTest'],0.009900990099009901,1.0,1.0687830687830686
"['High PreTest', 'Moderate TN', 'Mild Depression', 'Normal Anxiety']",['High PostTest'],0.0049504950495049506,1.0,1.0687830687830686
"['High PreTest', 'Positive Delta', 'Mild Depression', 'Normal Anxiety']",['High PostTest'],0.009900990099009901,1.0,1.0687830687830686
"['Moderate CN', 'High PreTest', 'Normal Anxiety', 'Moderate TP']",['High PostTest'],0.01485148514851485,1.0,1.0687830687830686
"['Severe Anxiety', 'High PreTest', 'Positive Delta', 'Normal Depression']",['High PostTest'],0.009900990099009901,1.0,1.0687830687830686
"['High PreTest', 'Positive Delta', 'Normal Stress', 'Severe Anxiety']",['High PostTest'],0.009900990099009901,1.0,1.0687830687830686
"['Low ESF', 'Low CN', 'Moderate Anxiety', 'High TP']",['High PostTest'],0.0049504950495049506,1.0,1.0687830687830686
"['Low ESF', 'Low CN', 'Moderate TN', 'High TP']",['High PostTest'],0.0049504950495049506,1.0,1.0687830687830686
"['Moderate CRF', 'Low CN', 'Severe Anxiety', 'High TP']",['High PostTest'],0.009900990099009901,1.0,1.0687830687830686
"['Low CN', 'Moderate ESF', 'Severe Anxiety', 'High TP']",['High PostTest'],0.009900990099009901,1.0,1.0687830687830686
"['Low CN', 'Moderate TN', 'Normal Anxiety', 'High TP']",['High PostTest'],0.0049504950495049506,1.0,1.0687830687830686
"['Low ESF', 'Moderate Anxiety', 'Normal Depression', 'High TP']",['High PostTest'],0.0049504950495049506,1.0,1.0687830687830686
"['Low ESF', 'Moderate CN', 'Normal Depression', 'High TP']",['High PostTest'],0.0049504950495049506,1.0,1.0687830687830686
"['Low ESF', 'Moderate TN', 'Normal Depression', 'High TP']",['High PostTest'],0.009900990099009901,1.0,1.0687830687830686
"['Low TN', 'Moderate CP', 'Mild Depression', 'High TP']",['High PostTest'],0.0049504950495049506,1.0,1.0687830687830686
"['Low TN', 'Moderate CP', 'Moderate PreTest', 'High TP']",['High PostTest'],0.009900990099009901,1.0,1.0687830687830686
"['Low TN', 'Moderate CP', 'Negative Delta', 'High TP']",['High PostTest'],0.0049504950495049506,1.0,1.0687830687830686
"['Moderate CRF', 'Mild Anxiety', 'Mild Depression', 'High TP']",['High PostTest'],0.009900990099009901,1.0,1.0687830687830686
"['Mild Anxiety', 'Positive Delta', 'Mild Depression', 'High TP']",['High PostTest'],0.0049504950495049506,1.0,1.0687830687830686
"['Moderate CN', 'Mild Anxiety', 'Moderate CRF', 'High TP']",['High PostTest'],0.01485148514851485,1.0,1.0687830687830686
"['Moderate CN', 'Mild Anxiety', 'Positive Delta', 'High TP']",['High PostTest'],0.0049504950495049506,1.0,1.0687830687830686
"['Mild Anxiety', 'Moderate CP', 'Normal Depression', 'High TP']",['High PostTest'],0.0049504950495049506,1.0,1.0687830687830686
"['Mild Anxiety', 'Positive Delta', 'Moderate CP', 'High TP']",['High PostTest'],0.0049504950495049506,1.0,1.0687830687830686
"['Moderate CRF', 'Mild Anxiety', 'Negative Delta', 'High TP']",['High PostTest'],0.009900990099009901,1.0,1.0687830687830686
"['Mild Anxiety', 'Positive Delta', 'Moderate TN', 'High TP']",['High PostTest'],0.01485148514851485,1.0,1.0687830687830686
"['Moderate CN', 'Normal Stress', 'Mild Depression', 'High TP']",['High PostTest'],0.01485148514851485,1.0,1.0687830687830686
"['Moderate CRF', 'Mild Depression', 'Normal Anxiety', 'High TP']",['High PostTest'],0.009900990099009901,1.0,1.0687830687830686
"['Moderate PreTest', 'Mild Depression', 'Normal Anxiety', 'High TP']",['High PostTest'],0.0049504950495049506,1.0,1.0687830687830686
"['Moderate TN', 'Mild Depression', 'Normal Anxiety', 'High TP']",['High PostTest'],0.0049504950495049506,1.0,1.0687830687830686
"['Positive Delta', 'Mild Depression', 'Normal Anxiety', 'High TP']",['High PostTest'],0.01485148514851485,1.0,1.0687830687830686
"['Moderate CP', 'Normal Stress', 'Moderate Anxiety', 'High TP']",['High PostTest'],0.01485148514851485,1.0,1.0687830687830686
"['Moderate CN', 'Moderate CP', 'Moderate PreTest', 'High TP']",['High PostTest'],0.0049504950495049506,1.0,1.0687830687830686
"['Moderate CN', 'Moderate CP', 'Normal Stress', 'High TP']",['High PostTest'],0.01485148514851485,1.0,1.0687830687830686
"['Moderate CN', 'Moderate PreTest', 'Normal Anxiety', 'High TP']",['High PostTest'],0.009900990099009901,1.0,1.0687830687830686
"['Moderate CN', 'Moderate PreTest', 'Normal Depression', 'High TP']",['High PostTest'],0.009900990099009901,1.0,1.0687830687830686
"['Moderate CN', 'Normal Stress', 'Moderate PreTest', 'High TP']",['High PostTest'],0.01485148514851485,1.0,1.0687830687830686
"['Moderate CN', 'Neutral Delta', 'Normal Anxiety', 'High TP']",['High PostTest'],0.0049504950495049506,1.0,1.0687830687830686
"['Moderate CN', 'Normal Stress', 'Severe Anxiety', 'High TP']",['High PostTest'],0.0049504950495049506,1.0,1.0687830687830686
"['Moderate CRF', 'Moderate CP', 'Moderate PreTest', 'High TP']",['High PostTest'],0.01485148514851485,1.0,1.0687830687830686
"['Moderate PreTest', 'Moderate CP', 'Moderate ESF', 'High TP']",['High PostTest'],0.009900990099009901,1.0,1.0687830687830686
"['Moderate PreTest', 'Moderate CP', 'Normal Anxiety', 'High TP']",['High PostTest'],0.0049504950495049506,1.0,1.0687830687830686
"['Moderate PreTest', 'Moderate CP', 'Normal Depression', 'High TP']",['High PostTest'],0.009900990099009901,1.0,1.0687830687830686
"['Moderate PreTest', 'Moderate CP', 'Normal Stress', 'High TP']",['High PostTest'],0.01485148514851485,1.0,1.0687830687830686
"['Moderate CRF', 'Severe Anxiety', 'Negative Delta', 'High TP']",['High PostTest'],0.0049504950495049506,1.0,1.0687830687830686
"['Moderate CRF', 'Severe Anxiety', 'Normal Depression', 'High TP']",['High PostTest'],0.009900990099009901,1.0,1.0687830687830686
"['Moderate CRF', 'Normal Stress', 'Severe Anxiety', 'High TP']",['High PostTest'],0.01485148514851485,1.0,1.0687830687830686
"['Severe Anxiety', 'Moderate ESF', 'Negative Delta', 'High TP']",['High PostTest'],0.0049504950495049506,1.0,1.0687830687830686
"['Severe Anxiety', 'Moderate ESF', 'Normal Depression', 'High TP']",['High PostTest'],0.009900990099009901,1.0,1.0687830687830686
"['Normal Stress', 'Moderate ESF', 'Severe Anxiety', 'High TP']",['High PostTest'],0.01485148514851485,1.0,1.0687830687830686
"['Moderate PreTest', 'Moderate TN', 'Normal Anxiety', 'High TP']",['High PostTest'],0.0049504950495049506,1.0,1.0687830687830686
"['Moderate PreTest', 'Moderate TN', 'Normal Depression', 'High TP']",['High PostTest'],0.01485148514851485,1.0,1.0687830687830686
"['Neutral Delta', 'Moderate TN', 'Normal Anxiety', 'High TP']",['High PostTest'],0.0049504950495049506,1.0,1.0687830687830686
"['Mild Anxiety', 'Low CN', 'Positive Delta', 'Mild Depression']",['High PostTest'],0.0049504950495049506,1.0,1.0687830687830686
"['Moderate CRF', 'Mild Anxiety', 'Low CN', 'Negative Delta']",['High PostTest'],0.0049504950495049506,1.0,1.0687830687830686
"['Mild Anxiety', 'Low CN', 'Positive Delta', 'Moderate TN']",['High PostTest'],0.009900990099009901,1.0,1.0687830687830686
"['Normal Depression', 'Mild Anxiety', 'Low CN', 'Negative Delta']",['High PostTest'],0.009900990099009901,1.0,1.0687830687830686
"['Moderate CP', 'Low CN', 'Mild Depression', 'Normal Anxiety']",['High PostTest'],0.0049504950495049506,1.0,1.0687830687830686
"['Moderate PreTest', 'Moderate CP', 'Low CN', 'Moderate Anxiety']",['High PostTest'],0.009900990099009901,1.0,1.0687830687830686
"['Moderate CP', 'Low CN', 'Normal Depression', 'Moderate Anxiety']",['High PostTest'],0.0049504950495049506,1.0,1.0687830687830686
"['Low CN', 'Moderate TP', 'Normal Depression', 'Moderate Anxiety']",['High PostTest'],0.009900990099009901,1.0,1.0687830687830686
"['Moderate CRF', 'Severe Anxiety', 'Low CN', 'Normal Depression']",['High PostTest'],0.009900990099009901,1.0,1.0687830687830686
"['Severe Anxiety', 'Low CN', 'Normal Depression', 'Moderate ESF']",['High PostTest'],0.009900990099009901,1.0,1.0687830687830686
"['Moderate PreTest', 'Low CN', 'Moderate TN', 'Normal Depression']",['High PostTest'],0.009900990099009901,1.0,1.0687830687830686
"['Low CN', 'Positive Delta', 'Moderate TN', 'Normal Anxiety']",['High PostTest'],0.0049504950495049506,1.0,1.0687830687830686
"['Moderate CRF', 'Mild Anxiety', 'Mild Depression', 'Low TN']",['High PostTest'],0.0049504950495049506,1.0,1.0687830687830686
"['Mild Anxiety', 'Positive Delta', 'Mild Depression', 'Low TN']",['High PostTest'],0.0049504950495049506,1.0,1.0687830687830686
"['Moderate CRF', 'Mild Anxiety', 'Negative Delta', 'Low TN']",['High PostTest'],0.0049504950495049506,1.0,1.0687830687830686
"['Moderate CP', 'Moderate ESF', 'Mild Depression', 'Low TN']",['High PostTest'],0.009900990099009901,1.0,1.0687830687830686
"['Moderate CRF', 'Moderate PreTest', 'Mild Depression', 'Low TN']",['High PostTest'],0.0049504950495049506,1.0,1.0687830687830686
"['Moderate CRF', 'Mild Depression', 'Normal Anxiety', 'Low TN']",['High PostTest'],0.009900990099009901,1.0,1.0687830687830686
"['Moderate TP', 'Moderate ESF', 'Mild Depression', 'Low TN']",['High PostTest'],0.0049504950495049506,1.0,1.0687830687830686
"['Positive Delta', 'Mild Depression', 'Normal Anxiety', 'Low TN']",['High PostTest'],0.009900990099009901,1.0,1.0687830687830686
"['Moderate CP', 'Moderate ESF', 'Moderate Anxiety', 'Low TN']",['High PostTest'],0.0049504950495049506,1.0,1.0687830687830686
"['Moderate PreTest', 'Moderate ESF', 'Moderate Anxiety', 'Low TN']",['High PostTest'],0.01485148514851485,1.0,1.0687830687830686
"['Moderate TP', 'Moderate ESF', 'Moderate Anxiety', 'Low TN']",['High PostTest'],0.0049504950495049506,1.0,1.0687830687830686
"['Moderate PreTest', 'Normal Stress', 'Moderate Anxiety', 'Low TN']",['High PostTest'],0.01485148514851485,1.0,1.0687830687830686
"['Moderate CRF', 'Mild Anxiety', 'Normal Depression', 'Negative Delta']",['High PostTest'],0.009900990099009901,1.0,1.0687830687830686
"['Moderate CRF', 'Mild Anxiety', 'Normal Stress', 'Negative Delta']",['High PostTest'],0.009900990099009901,1.0,1.0687830687830686
"['Moderate CN', 'Mild Depression', 'Normal Anxiety', 'Moderate CRF']",['High PostTest'],0.0049504950495049506,1.0,1.0687830687830686
"['Moderate CN', 'Moderate PreTest', 'Normal Depression', 'Moderate Anxiety']",['High PostTest'],0.0049504950495049506,1.0,1.0687830687830686
"['Moderate PreTest', 'Moderate CP', 'Normal Depression', 'Moderate Anxiety']",['High PostTest'],0.0049504950495049506,1.0,1.0687830687830686
"['Moderate CRF', 'Moderate PreTest', 'Normal Depression', 'Moderate Anxiety']",['High PostTest'],0.01485148514851485,1.0,1.0687830687830686
"['Moderate PreTest', 'Moderate ESF', 'Normal Depression', 'Moderate Anxiety']",['High PostTest'],0.01485148514851485,1.0,1.0687830687830686
"['Moderate PreTest', 'Moderate TN', 'Normal Depression', 'Moderate Anxiety']",['High PostTest'],0.0049504950495049506,1.0,1.0687830687830686
"['Moderate PreTest', 'Moderate TP', 'Normal Depression', 'Moderate Anxiety']",['High PostTest'],0.0049504950495049506,1.0,1.0687830687830686
"['Moderate PreTest', 'Normal Stress', 'Normal Depression', 'Moderate Anxiety']",['High PostTest'],0.01485148514851485,1.0,1.0687830687830686
"['Moderate CN', 'Severe Anxiety', 'Positive Delta', 'Normal Depression']",['High PostTest'],0.0049504950495049506,1.0,1.0687830687830686
"['Moderate CN', 'Positive Delta', 'Normal Stress', 'Severe Anxiety']",['High PostTest'],0.0049504950495049506,1.0,1.0687830687830686
"['Moderate CRF', 'Moderate TP', 'Severe Anxiety', 'Moderate ESF']",['High PostTest'],0.009900990099009901,1.0,1.0687830687830686
"['Moderate CRF', 'Positive Delta', 'Severe Anxiety', 'Moderate TP']",['High PostTest'],0.009900990099009901,1.0,1.0687830687830686
"['Moderate TP', 'Moderate TN', 'Severe Anxiety', 'Moderate ESF']",['High PostTest'],0.0049504950495049506,1.0,1.0687830687830686
"['Positive Delta', 'Moderate TP', 'Severe Anxiety', 'Moderate ESF']",['High PostTest'],0.0049504950495049506,1.0,1.0687830687830686
"['Positive Delta', 'Normal Stress', 'Severe Anxiety', 'Moderate TP']",['High PostTest'],0.0049504950495049506,1.0,1.0687830687830686
